{"cameraMode":{"drawMode":0,"name":"Shaded","section":"Shading Mode"},"sceneLighting":true,"audioPlay":false,"sceneViewState":{"showFog":true,"showMaterialUpdate":false,"showSkybox":true,"showFlares":true,"showImageEffects":true,"showParticleSystems":true},"in2DMode":false,"pivot":{"x":2.188692331314087,"y":-24.725393295288087,"z":66.5013656616211},"rotation":{"x":0.18198031187057496,"y":5.8251266032982589e-9,"z":1.340761901502674e-8,"w":0.9833021759986877},"size":56.41764450073242,"orthographic":true}