{"cameraMode":{"drawMode":0,"name":"Shaded","section":"Shading Mode"},"sceneLighting":true,"audioPlay":false,"sceneViewState":{"showFog":true,"showMaterialUpdate":false,"showSkybox":true,"showFlares":true,"showImageEffects":true,"showParticleSystems":true},"in2DMode":false,"pivot":{"x":0.9147763252258301,"y":-21.720775604248048,"z":52.23767852783203},"rotation":{"x":0.22666755318641663,"y":0.04469411447644234,"z":-0.010413223877549172,"w":0.9728904962539673},"size":82.40653228759766,"orthographic":false}