{"cameraMode":{"drawMode":0,"name":"Shaded","section":"Shading Mode"},"sceneLighting":true,"audioPlay":false,"sceneViewState":{"showFog":true,"showMaterialUpdate":false,"showSkybox":true,"showFlares":true,"showImageEffects":true,"showParticleSystems":true},"in2DMode":false,"pivot":{"x":-2.6417768001556398,"y":-19.804092407226564,"z":6.995912075042725},"rotation":{"x":0.702800989151001,"y":-0.008535836823284626,"z":0.008434024639427662,"w":0.7112853527069092},"size":66.43739318847656,"orthographic":true}