{"cameraMode":{"drawMode":0,"name":"Shaded","section":"Shading Mode"},"sceneLighting":false,"audioPlay":false,"sceneViewState":{"showFog":true,"showMaterialUpdate":false,"showSkybox":false,"showFlares":true,"showImageEffects":true,"showParticleSystems":true},"in2DMode":false,"pivot":{"x":10.024662971496582,"y":-1.381666660308838,"z":7.639970302581787},"rotation":{"x":0.40846511721611025,"y":-0.051983002573251727,"z":0.023308558389544488,"w":0.9109943509101868},"size":12.827802658081055,"orthographic":true}