{"cameraMode":{"drawMode":0,"name":"Shaded","section":"Shading Mode"},"sceneLighting":false,"audioPlay":false,"sceneViewState":{"showFog":true,"showMaterialUpdate":false,"showSkybox":false,"showFlares":true,"showImageEffects":true,"showParticleSystems":true},"in2DMode":false,"pivot":{"x":0.038019537925720218,"y":0.5866309404373169,"z":4.647224426269531},"rotation":{"x":0.1728387475013733,"y":0.2731763422489166,"z":-0.04996419697999954,"w":0.9449894428253174},"size":2.4830775260925295,"orthographic":false}